id,answer
0,173
1,186
2,150
3,169
4,153
5,174
6,169
7,160
8,159
9,152
10,180
11,181
12,186
13,163
14,168
15,153
16,173
17,169
18,176
19,160
20,171
21,163
22,182
23,170
24,171
25,186
26,159
27,157
28,156
29,182
30,164
31,160
32,181
33,176
34,153
35,151
36,151
37,154
38,171
39,187
40,181
41,184
42,164
43,173
44,172
45,182
46,155
47,160
48,177
49,186
50,188
51,181
52,157
53,184
54,166
55,186
56,174
57,152
58,173
59,161
60,180
61,163
62,176
63,187
64,169
65,170
66,188
67,170
68,174
69,161
70,171
71,163
72,151
73,152
74,155
75,150
76,168
77,152
78,160
79,188
80,182
81,163
82,171
83,174
84,157
85,167
86,187
87,154
88,151
89,165
90,162
91,165
92,154
93,180
94,158
95,177
96,152
97,161
98,170
99,172
100,182
101,157
102,160
103,170
104,153
105,184
106,167
107,157
108,179
109,154
110,155
111,180
112,164
113,151
114,160
115,160
116,154
117,160
118,171
119,168
120,179
121,174
122,163
123,181
124,173
125,152
126,188
127,185
128,161
129,166
130,150
131,156
132,159
133,153
134,187
135,187
136,159
137,179
138,186
139,152
140,170
141,185
142,158
143,164
144,156
145,182
146,159
147,154
148,163
149,150
150,151
151,180
152,162
153,155
154,171
155,161
156,183
157,188
158,165
159,153
160,184
161,155
162,177
163,152
164,170
165,177
166,181
167,173
168,150
169,162
170,179
171,181
172,186
173,160
174,173
175,183
176,171
177,161
178,172
179,177
180,165
181,159
182,172
183,182
184,172
185,171
186,153
187,182
188,151
189,181
190,163
191,177
192,151
193,176
194,177
195,159
196,183
197,162
198,158
199,183
200,170
201,151
202,178
203,161
204,154
205,186
206,150
207,162
208,159
209,188
210,158
211,171
212,156
213,166
214,185
215,187
216,174
217,187
218,174
219,162
220,167
221,165
222,167
223,162
224,153
225,153
226,183
227,158
228,181
229,160
230,163
231,163
232,180
233,171
234,166
235,165
236,171
237,171
238,188
239,173
240,159
241,159
242,187
243,175
244,150
245,187
246,179
247,172
248,188
249,170
250,164
251,158
252,184
253,164
254,160
255,157
256,174
257,154
258,182
259,153
260,177
261,171
262,160
263,171
264,156
265,170
266,187
267,168
268,186
269,178
270,156
271,158
272,181
273,167
274,178
275,154
276,188
277,153
278,162
279,156
280,165
281,164
282,179
283,183
284,175
285,163
286,163
287,173
288,178
289,166
290,185
291,182
292,173
293,182
294,179
295,165
296,173
297,185
298,170
299,170
300,186
301,188
302,163
303,171
304,185
305,176
306,172
307,183
308,179
309,151
310,170
311,183
312,185
313,186
314,184
315,175
316,154
317,188
318,165
319,178
320,183
321,164
322,178
323,185
324,184
325,166
326,157
327,158
328,170
329,188
330,155
331,186
332,184
333,187
334,151
335,167
336,175
337,156
338,163
339,173
340,161
341,187
342,152
343,175
344,173
345,151
346,176
347,188
348,166
349,175
350,157
351,165
352,173
353,188
354,188
355,151
356,173
357,158
358,178
359,159
360,182
361,161
362,168
363,183
364,160
365,160
366,184
367,176
368,172
369,173
370,165
371,151
372,165
373,153
374,159
375,168
376,180
377,160
378,154
379,179
380,150
381,151
382,182
383,171
384,160
385,158
386,166
387,174
388,168
389,161
390,170
391,153
392,186
393,174
394,160
395,154
396,187
397,165
398,161
399,169
400,171
401,166
402,188
403,180
404,161
405,184
406,161
407,158
408,185
409,170
410,182
411,181
412,159
413,188
414,165
415,151
416,178
417,182
418,168
419,159
420,171
421,161
422,176
423,151
424,171
425,188
426,180
427,167
428,158
429,164
430,185
431,164
432,175
433,159
434,162
435,163
436,169
437,178
438,160
439,180
440,169
441,161
442,158
443,158
444,170
445,175
446,179
447,162
448,159
449,160
450,166
451,177
452,163
453,165
454,158
455,178
456,160
457,166
458,162
459,179
460,182
461,159
462,180
463,182
464,162
465,151
466,168
467,152
468,153
469,160
470,167
471,159
472,182
473,157
474,181
475,176
476,167
477,170
478,156
479,170
480,179
481,185
482,167
483,152
484,186
485,166
486,157
487,169
488,162
489,181
490,178
491,158
492,169
493,153
494,159
495,171
496,178
497,184
498,163
499,188
500,185
501,151
502,172
503,184
504,157
505,179
506,151
507,171
508,184
509,160
510,167
511,170
512,176
513,159
514,175
515,185
516,156
517,154
518,180
519,150
520,166
521,167
522,167
523,151
524,158
525,182
526,180
527,151
528,151
529,179
530,166
531,188
532,155
533,154
534,163
535,185
536,152
537,174
538,178
539,187
540,166
541,184
542,171
543,160
544,158
545,153
546,163
547,160
548,185
549,160
550,156
551,153
552,152
553,168
554,150
555,151
556,179
557,177
558,168
559,172
560,151
561,186
562,163
563,176
564,171
565,184
566,185
567,184
568,188
569,179
570,177
571,152
572,154
573,175
574,167
575,154
576,158
577,173
578,155
579,157
580,182
581,152
582,158
583,165
584,151
585,181
586,152
587,154
588,175
589,178
590,177
591,182
592,154
593,187
594,151
595,157
596,170
597,168
598,160
599,165
600,158
601,186
602,181
603,171
604,185
605,179
606,178
607,156
608,183
609,185
610,173
611,153
612,153
613,171
614,157
615,155
616,164
617,157
618,156
619,163
620,183
621,159
622,172
623,185
624,188
625,151
626,173
627,157
628,179
629,163
630,154
631,150
632,151
633,150
634,159
635,175
636,156
637,168
638,170
639,165
640,170
641,153
642,158
643,180
644,176
645,185
646,165
647,160
648,153
649,157
650,178
651,180
652,171
653,178
654,186
655,173
656,158
657,154
658,181
659,176
660,167
661,182
662,175
663,173
664,153
665,180
666,182
667,183
668,165
669,186
670,181
671,166
672,163
673,167
674,172
675,163
676,164
677,170
678,178
679,153
680,183
681,158
682,181
683,171
684,157
685,159
686,180
687,170
688,180
689,188
690,164
691,187
692,159
693,164
694,178
695,158
696,152
697,171
698,180
699,159
700,168
701,188
702,184
703,165
704,161
705,182
706,159
707,171
708,163
709,161
710,153
711,182
712,168
713,156
714,159
715,159
716,157
717,188
718,165
719,181
720,158
721,169
722,158
723,172
724,167
725,179
726,159
727,153
728,159
729,183
730,159
731,153
732,151
733,157
734,150
735,168
736,183
737,172
738,175
739,179
740,160
741,184
742,171
743,167
744,187
745,154
746,162
747,182
748,174
749,173
750,184
751,181
752,172
753,186
754,186
755,188
756,155
757,175
758,188
759,174
760,184
761,161
762,185
763,158
764,185
765,157
766,161
767,150
768,157
769,151
770,180
771,176
772,166
773,175
774,157
775,158
776,161
777,159
778,166
779,170
780,155
781,159
782,179
783,181
784,171
785,156
786,182
787,151
788,158
789,159
790,155
791,152
792,186
793,183
794,186
795,184
796,186
797,186
798,179
799,182
800,168
801,166
802,176
803,171
804,155
805,175
806,170
807,152
808,175
809,170
810,176
811,182
812,151
813,184
814,170
815,179
816,171
817,186
818,177
819,186
820,153
821,162
822,171
823,170
824,153
825,184
826,150
827,165
828,162
829,174
830,153
831,171
832,182
833,168
834,180
835,187
836,182
837,162
838,170
839,188
840,153
841,165
842,164
843,163
844,150
845,174
846,170
847,179
848,180
849,171
850,174
851,166
852,184
853,159
854,170
855,187
856,180
857,165
858,161
859,150
860,178
861,151
862,159
863,188
864,162
865,151
866,153
867,182
868,162
869,186
870,179
871,161
872,173
873,178
874,171
875,174
876,162
877,188
878,159
879,150
880,168
881,170
882,151
883,173
884,160
885,151
886,168
887,155
888,168
889,174
890,178
891,182
892,156
893,171
894,162
895,159
896,159
897,159
898,174
899,170
900,175
901,154
902,182
903,173
904,188
905,154
906,168
907,168
908,156
909,161
910,169
911,171
912,151
913,171
914,158
915,152
916,164
917,173
918,180
919,172
920,154
921,177
922,181
923,184
924,186
925,168
926,178
927,183
928,176
929,153
930,161
931,169
932,173
933,174
934,168
935,162
936,153
937,158
938,188
939,188
940,178
941,175
942,166
943,153
944,172
945,182
946,151
947,175
948,177
949,183
950,158
951,187
952,183
953,150
954,171
955,151
956,181
957,159
958,157
959,161
960,150
961,156
962,170
963,178
964,153
965,171
966,153
967,168
968,183
969,163
970,150
971,173
972,168
973,156
974,166
975,151
976,174
977,173
978,159
979,173
980,168
981,168
982,159
983,155
984,160
985,179
986,177
987,167
988,162
989,173
990,169
991,175
992,165
993,186
994,152
995,182
996,179
997,169
998,156
999,178
1000,152
1001,176
1002,151
1003,185
1004,169
1005,173
1006,163
1007,173
1008,164
1009,160
1010,170
1011,157
1012,181
1013,177
1014,180
1015,153
1016,184
1017,162
1018,154
1019,156
1020,153
1021,152
1022,155
1023,157
1024,187
1025,157
1026,184
1027,188
1028,173
1029,182
1030,158
1031,174
1032,154
1033,184
1034,178
1035,184
1036,181
1037,153
1038,173
1039,157
1040,159
1041,170
1042,166
1043,152
1044,153
1045,154
1046,156
1047,174
1048,184
1049,169
1050,159
1051,167
1052,151
1053,161
1054,184
1055,165
1056,170
1057,151
1058,162
1059,166
1060,156
1061,157
1062,158
1063,186
1064,174
1065,188
1066,185
1067,158
1068,151
1069,187
1070,170
1071,185
1072,160
1073,168
1074,185
1075,181
1076,185
1077,163
1078,153
1079,186
1080,171
1081,164
1082,172
1083,151
1084,171
1085,152
1086,169
1087,157
1088,168
1089,188
1090,177
1091,183
1092,175
1093,165
1094,166
1095,150
1096,186
1097,188
1098,162
1099,161
1100,187
1101,170
1102,178
1103,167
1104,178
1105,158
1106,188
1107,155
1108,180
1109,179
1110,182
1111,185
1112,172
1113,170
1114,154
1115,160
1116,185
1117,154
1118,177
1119,156
1120,177
1121,182
1122,160
1123,178
1124,156
1125,163
1126,181
1127,166
1128,151
1129,186
1130,174
1131,169
1132,180
1133,177
1134,159
1135,153
1136,171
1137,179
1138,151
1139,155
1140,188
1141,163
1142,182
1143,176
1144,168
1145,157
1146,186
1147,154
1148,184
1149,165
1150,174
1151,158
1152,187
1153,163
1154,169
1155,182
1156,159
1157,183
1158,151
1159,153
1160,154
1161,153
1162,162
1163,158
1164,151
1165,172
1166,153
1167,170
1168,154
1169,157
1170,184
1171,178
1172,153
1173,153
1174,188
1175,160
1176,184
1177,172
1178,155
1179,173
1180,155
1181,175
1182,152
1183,161
1184,162
1185,187
1186,181
1187,156
1188,162
1189,175
1190,157
1191,174
1192,169
1193,157
1194,151
1195,164
1196,158
1197,188
1198,167
1199,181
1200,186
1201,158
1202,172
1203,174
1204,158
1205,153
1206,152
1207,181
1208,161
1209,168
1210,166
1211,181
1212,177
1213,159
1214,175
1215,188
1216,174
1217,166
1218,153
1219,169
1220,187
1221,174
1222,181
1223,163
1224,170
1225,182
1226,173
1227,172
1228,163
1229,163
1230,186
1231,150
1232,177
1233,185
1234,168
1235,185
1236,182
1237,155
1238,152
1239,177
1240,152
1241,180
1242,152
1243,182
1244,167
1245,174
1246,164
1247,167
1248,159
1249,180
1250,151
1251,165
1252,178
1253,161
1254,170
1255,171
1256,162
1257,159
1258,167
1259,171
1260,181
1261,182
1262,150
1263,164
1264,173
1265,151
1266,158
1267,175
1268,151
1269,157
1270,157
1271,161
1272,179
1273,171
1274,172
1275,177
1276,174
1277,173
1278,186
1279,164
1280,156
1281,178
1282,171
1283,178
1284,162
1285,188
1286,165
1287,168
1288,169
1289,160
1290,154
1291,184
1292,150
1293,171
1294,167
1295,173
1296,185
1297,186
1298,154
1299,172
1300,161
1301,152
1302,175
1303,156
1304,172
1305,187
1306,162
1307,164
1308,182
1309,176
1310,171
1311,170
1312,150
1313,169
1314,175
1315,173
1316,159
1317,177
1318,175
1319,160
1320,172
1321,180
1322,166
1323,152
1324,187
1325,153
1326,157
1327,176
1328,182
1329,168
1330,163
1331,164
1332,159
1333,180
1334,165
1335,157
1336,182
1337,153
1338,174
1339,173
1340,154
1341,161
1342,168
1343,173
1344,156
1345,152
1346,167
1347,157
1348,173
1349,186
1350,156
1351,154
1352,180
1353,154
1354,161
1355,150
1356,156
1357,163
1358,179
1359,171
1360,177
1361,159
1362,181
1363,154
1364,170
1365,157
1366,151
1367,160
1368,173
1369,172
1370,160
1371,158
1372,187
1373,182
1374,183
1375,158
1376,152
1377,163
1378,165
1379,183
1380,175
1381,156
1382,154
1383,155
1384,186
1385,178
1386,182
1387,170
1388,183
1389,171
1390,179
1391,171
1392,155
1393,167
1394,153
1395,188
1396,167
1397,182
1398,150
1399,170
1400,172
1401,186
1402,185
1403,159
1404,154
1405,178
1406,180
1407,178
1408,168
1409,181
1410,172
1411,167
1412,163
1413,166
1414,162
1415,165
1416,187
1417,174
1418,176
1419,180
1420,174
1421,168
1422,171
1423,151
1424,178
1425,183
1426,169
1427,188
1428,159
1429,158
1430,156
1431,180
1432,159
1433,167
1434,165
1435,170
1436,150
1437,158
1438,156
1439,187
1440,159
1441,159
1442,176
1443,168
1444,161
1445,161
1446,186
1447,162
1448,180
1449,155
1450,166
1451,158
1452,151
1453,152
1454,161
1455,160
1456,159
1457,152
1458,153
1459,188
1460,170
1461,166
1462,173
1463,164
1464,153
1465,151
1466,153
1467,170
1468,182
1469,169
1470,160
1471,151
1472,179
1473,178
1474,157
1475,169
1476,184
1477,172
1478,160
1479,172
1480,167
1481,158
1482,178
1483,169
1484,154
1485,157
1486,153
1487,173
1488,186
1489,179
1490,179
1491,185
1492,188
1493,166
1494,187
1495,185
1496,152
1497,158
1498,158
1499,188
1500,178
1501,163
1502,187
1503,154
1504,176
1505,155
1506,170
1507,180
1508,152
1509,168
1510,165
1511,171
1512,164
1513,188
1514,150
1515,185
1516,172
1517,170
1518,161
1519,156
1520,173
1521,153
1522,172
1523,188
1524,174
1525,187
1526,177
1527,187
1528,153
1529,172
1530,167
1531,170
1532,176
1533,157
1534,188
1535,173
1536,188
1537,164
1538,170
1539,158
1540,159
1541,187
1542,153
1543,176
1544,175
1545,157
1546,174
1547,153
1548,163
1549,151
1550,150
1551,184
1552,169
1553,155
1554,181
1555,156
1556,167
1557,156
1558,156
1559,177
1560,171
1561,153
1562,163
1563,170
1564,185
1565,156
1566,181
1567,159
1568,151
1569,177
1570,183
1571,168
1572,186
1573,150
1574,159
1575,179
1576,156
1577,183
1578,185
1579,186
1580,159
1581,170
1582,184
1583,151
1584,157
1585,154
1586,159
1587,185
1588,165
1589,188
1590,157
1591,153
1592,171
1593,177
1594,166
1595,159
1596,170
1597,159
1598,174
1599,157
1600,163
1601,150
1602,150
1603,158
1604,165
1605,162
1606,157
1607,171
1608,151
1609,186
1610,187
1611,169
1612,173
1613,173
1614,155
1615,174
1616,159
1617,173
1618,173
1619,170
1620,163
1621,184
1622,188
1623,178
1624,158
1625,156
1626,154
1627,168
1628,152
1629,151
1630,182
1631,181
1632,155
1633,161
1634,168
1635,163
1636,163
1637,156
1638,157
1639,188
1640,152
1641,181
1642,154
1643,162
1644,166
1645,183
1646,150
1647,150
1648,178
1649,188
1650,156
1651,151
1652,154
1653,160
1654,151
1655,170
1656,183
1657,177
1658,180
1659,188
1660,179
1661,168
1662,151
1663,187
1664,181
1665,180
1666,162
1667,168
1668,151
1669,161
1670,182
1671,166
1672,154
1673,151
1674,151
1675,172
1676,177
1677,171
1678,158
1679,169
1680,178
1681,179
1682,179
1683,154
1684,186
1685,188
1686,171
1687,170
1688,158
1689,187
1690,172
1691,171
1692,158
1693,156
1694,157
1695,153
1696,164
1697,166
1698,158
1699,153
1700,178
1701,187
1702,157
1703,170
1704,163
1705,175
1706,169
1707,185
1708,175
1709,182
1710,182
1711,183
1712,160
1713,151
1714,168
1715,151
1716,173
1717,182
1718,177
1719,188
1720,162
1721,151
1722,151
1723,185
1724,180
1725,178
1726,176
1727,160
1728,178
1729,157
1730,173
1731,179
1732,177
1733,185
1734,168
1735,150
1736,172
1737,170
1738,158
1739,161
1740,186
1741,164
1742,177
1743,187
1744,170
1745,156
1746,155
1747,181
1748,173
1749,176
1750,156
1751,168
1752,161
1753,170
1754,183
1755,150
1756,188
1757,170
1758,187
1759,181
1760,181
1761,152
1762,171
1763,180
1764,154
1765,160
1766,161
1767,177
1768,170
1769,167
1770,187
1771,153
1772,163
1773,158
1774,170
1775,178
1776,182
1777,185
1778,188
1779,152
1780,181
1781,187
1782,161
1783,172
1784,170
1785,175
1786,156
1787,185
1788,172
1789,178
1790,162
1791,172
1792,184
1793,162
1794,172
1795,154
1796,150
1797,167
1798,182
1799,171
1800,166
1801,160
1802,188
1803,182
1804,176
1805,162
1806,166
1807,165
1808,150
1809,165
1810,184
1811,172
1812,186
1813,187
1814,152
1815,188
1816,184
1817,157
1818,150
1819,181
1820,176
1821,159
1822,171
1823,167
1824,176
1825,171
1826,168
1827,153
1828,179
1829,170
1830,157
1831,159
1832,183
1833,156
1834,171
1835,173
1836,154
1837,188
1838,186
1839,188
1840,177
1841,154
1842,165
1843,158
1844,184
1845,168
1846,180
1847,150
1848,155
1849,150
1850,159
1851,173
1852,154
1853,182
1854,158
1855,174
1856,167
1857,182
1858,188
1859,184
1860,185
1861,153
1862,176
1863,153
1864,174
1865,188
1866,188
1867,174
1868,156
1869,168
1870,157
1871,170
1872,169
1873,178
1874,172
1875,181
1876,161
1877,183
1878,157
1879,162
1880,175
1881,158
1882,178
1883,184
1884,177
1885,186
1886,160
1887,188
1888,165
1889,150
1890,157
1891,172
1892,153
1893,181
1894,154
1895,181
1896,158
1897,175
1898,174
1899,182
1900,153
1901,186
1902,157
1903,170
1904,184
1905,163
1906,155
1907,158
1908,153
1909,183
1910,178
1911,185
1912,188
1913,171
1914,172
1915,172
1916,173
1917,182
1918,154
1919,160
1920,160
1921,186
1922,186
1923,181
1924,178
1925,173
1926,183
1927,180
1928,170
1929,152
1930,170
1931,166
1932,157
1933,156
1934,165
1935,160
1936,153
1937,180
1938,151
1939,184
1940,156
1941,163
1942,177
1943,173
1944,172
1945,160
1946,183
1947,163
1948,157
1949,162
1950,158
1951,183
1952,180
1953,180
1954,187
1955,172
1956,185
1957,150
1958,169
1959,181
1960,171
1961,175
1962,159
1963,185
1964,160
1965,171
1966,156
1967,171
1968,187
1969,165
1970,156
1971,169
1972,171
1973,151
1974,188
1975,168
1976,176
1977,158
1978,180
1979,152
1980,185
1981,177
1982,157
1983,188
1984,161
1985,161
1986,159
1987,165
1988,182
1989,158
1990,161
1991,181
1992,162
1993,184
1994,168
1995,162
1996,188
1997,175
1998,164
1999,168
2000,150
2001,157
2002,174
2003,187
2004,169
2005,153
2006,172
2007,159
2008,178
2009,179
2010,176
2011,177
2012,154
2013,187
2014,187
2015,179
2016,167
2017,162
2018,185
2019,157
2020,182
2021,157
2022,170
2023,159
2024,153
2025,160
2026,156
2027,178
2028,183
2029,181
2030,178
2031,165
2032,183
2033,160
2034,170
2035,170
2036,178
2037,187
2038,159
2039,167
2040,154
2041,177
2042,171
2043,187
2044,150
2045,187
2046,157
2047,170
2048,160
2049,160
2050,168
2051,161
2052,157
2053,188
2054,155
2055,186
2056,184
2057,182
2058,170
2059,188
2060,175
2061,175
2062,154
2063,168
2064,173
2065,153
2066,161
2067,155
2068,154
2069,184
2070,156
2071,175
2072,184
2073,159
2074,185
2075,169
2076,157
2077,180
2078,180
2079,174
2080,157
2081,150
2082,150
2083,167
2084,164
2085,165
2086,154
2087,183
2088,171
2089,180
2090,159
2091,170
2092,150
2093,153
2094,154
2095,151
2096,165
2097,176
2098,181
2099,174
2100,163
2101,181
2102,162
2103,182
2104,184
2105,186
2106,184
2107,187
2108,150
2109,174
2110,178
2111,166
2112,159
2113,156
2114,165
2115,181
2116,178
2117,159
2118,178
2119,153
2120,159
2121,174
2122,152
2123,161
2124,160
2125,185
2126,161
2127,159
2128,157
2129,175
2130,170
2131,166
2132,156
2133,175
2134,153
2135,180
2136,170
2137,178
2138,163
2139,188
2140,185
2141,167
2142,187
2143,166
2144,179
2145,188
2146,165
2147,177
2148,166
2149,153
2150,154
2151,181
2152,158
2153,159
2154,151
2155,165
2156,184
2157,180
2158,167
2159,160
2160,180
2161,164
2162,171
2163,163
2164,184
2165,171
2166,164
2167,178
2168,170
2169,188
2170,175
2171,150
2172,154
2173,168
2174,178
2175,182
2176,184
2177,159
2178,165
2179,181
2180,183
2181,163
2182,185
2183,158
2184,157
2185,152
2186,178
2187,150
2188,168
2189,151
2190,184
2191,166
2192,183
2193,156
2194,167
2195,156
2196,178
2197,159
2198,171
2199,181
2200,168
2201,171
2202,167
2203,170
2204,152
2205,188
2206,150
2207,174
2208,169
2209,173
2210,186
2211,152
2212,182
2213,181
2214,181
2215,164
2216,187
2217,156
2218,188
2219,155
2220,157
2221,167
2222,176
2223,158
2224,152
2225,161
2226,173
2227,152
2228,175
2229,171
2230,152
2231,188
2232,157
2233,186
2234,171
2235,184
2236,163
2237,156
2238,152
2239,185
2240,176
2241,178
2242,159
2243,159
2244,167
2245,167
2246,186
2247,159
2248,150
2249,181
2250,159
2251,180
2252,155
2253,158
2254,177
2255,160
2256,170
2257,151
2258,150
2259,174
2260,188
2261,152
2262,171
2263,162
2264,165
2265,168
2266,150
2267,173
2268,162
2269,179
2270,156
2271,156
2272,176
2273,174
2274,151
2275,165
2276,166
2277,171
2278,176
2279,152
2280,153
2281,187
2282,180
2283,172
2284,175
2285,182
2286,156
2287,176
2288,154
2289,151
2290,155
2291,151
2292,170
2293,171
2294,170
2295,171
2296,151
2297,175
2298,162
2299,180
2300,159
2301,181
2302,161
2303,153
2304,156
2305,157
2306,158
2307,172
2308,159
2309,177
2310,180
2311,153
2312,168
2313,167
2314,151
2315,161
2316,156
2317,167
2318,176
2319,153
2320,158
2321,156
2322,186
2323,160
2324,188
2325,164
2326,151
2327,176
2328,161
2329,179
2330,166
2331,176
2332,159
2333,169
2334,160
2335,186
2336,188
2337,153
2338,181
2339,152
2340,186
2341,152
2342,173
2343,156
2344,182
2345,188
2346,151
2347,168
2348,152
2349,186
2350,163
2351,180
2352,156
2353,153
2354,173
2355,160
2356,186
2357,159
2358,172
2359,156
2360,162
2361,170
2362,157
2363,173
2364,169
2365,183
2366,168
2367,156
2368,179
2369,188
2370,185
2371,168
2372,163
2373,165
2374,156
2375,180
2376,170
2377,158
2378,174
2379,165
2380,171
2381,170
2382,186
2383,151
2384,150
2385,174
2386,151
2387,171
2388,174
2389,172
2390,183
2391,187
2392,173
2393,165
2394,178
2395,188
2396,185
2397,181
2398,173
2399,163
2400,178
2401,173
2402,163
2403,176
2404,163
2405,167
2406,176
2407,170
2408,183
2409,158
2410,187
2411,165
2412,168
2413,187
2414,184
2415,187
2416,170
2417,159
2418,169
2419,164
2420,183
2421,154
2422,154
2423,187
2424,160
2425,167
2426,164
2427,165
2428,165
2429,180
2430,184
2431,166
2432,184
2433,179
2434,161
2435,171
2436,152
2437,154
2438,184
2439,171
2440,187
2441,181
2442,150
2443,161
2444,161
2445,173
2446,163
2447,164
2448,187
2449,184
2450,187
2451,161
2452,185
2453,187
2454,168
2455,158
2456,185
2457,180
2458,177
2459,170
2460,182
2461,153
2462,178
2463,151
2464,175
2465,185
2466,170
2467,150
2468,159
2469,160
2470,150
2471,157
2472,162
2473,186
2474,172
2475,172
2476,155
2477,188
2478,178
2479,171
2480,188
2481,182
2482,165
2483,174
2484,168
2485,150
2486,168
2487,157
2488,162
2489,184
2490,158
2491,159
2492,179
2493,180
2494,155
2495,152
2496,160
2497,158
2498,178
2499,162
2500,150
2501,155
2502,165
2503,174
2504,155
2505,164
2506,165
2507,163
2508,159
2509,169
2510,164
2511,183
2512,164
2513,166
2514,159
2515,150
2516,152
2517,167
2518,182
2519,158
2520,154
2521,171
2522,183
2523,185
2524,186
2525,157
2526,171
2527,178
2528,185
2529,182
2530,163
2531,151
2532,179
2533,166
2534,152
2535,162
2536,181
2537,156
2538,171
2539,153
2540,161
2541,156
2542,181
2543,180
2544,170
2545,169
2546,176
2547,160
2548,179
2549,150
2550,168
2551,182
2552,181
2553,181
2554,170
2555,182
2556,185
2557,155
2558,175
2559,160
2560,155
2561,155
2562,174
2563,166
2564,188
2565,153
2566,153
2567,187
2568,153
2569,171
2570,188
2571,165
2572,164
2573,169
2574,171
2575,184
2576,167
2577,182
2578,187
2579,161
2580,175
2581,184
2582,156
2583,187
2584,181
2585,156
2586,177
2587,170
2588,188
2589,176
2590,168
2591,175
2592,185
2593,177
2594,175
2595,180
2596,152
2597,181
2598,158
2599,172
2600,172
2601,153
2602,164
2603,187
2604,180
2605,153
2606,163
2607,179
2608,167
2609,170
2610,152
2611,175
2612,168
2613,179
2614,184
2615,170
2616,151
2617,170
2618,169
2619,179
2620,168
2621,171
2622,159
2623,161
2624,170
2625,160
2626,151
2627,175
2628,178
2629,157
2630,169
2631,164
2632,178
2633,186
2634,158
2635,171
2636,170
2637,154
2638,160
2639,150
2640,167
2641,170
2642,179
2643,159
2644,182
2645,183
2646,182
2647,177
2648,168
2649,166
2650,150
2651,188
2652,188
2653,175
2654,150
2655,183
2656,152
2657,182
2658,179
2659,154
2660,165
2661,184
2662,179
2663,170
2664,157
2665,153
2666,158
2667,162
2668,171
2669,180
2670,151
2671,152
2672,179
2673,152
2674,158
2675,165
2676,186
2677,166
2678,159
2679,174
2680,175
2681,171
2682,157
2683,180
2684,171
2685,186
2686,162
2687,180
2688,182
2689,188
2690,184
2691,169
2692,160
2693,177
2694,150
2695,165
2696,180
2697,164
2698,150
2699,153
2700,150
2701,151
2702,162
2703,151
2704,162
2705,185
2706,168
2707,181
2708,181
2709,178
2710,172
2711,173
2712,187
2713,187
2714,169
2715,151
2716,152
2717,154
2718,184
2719,154
2720,164
2721,177
2722,157
2723,156
2724,156
2725,151
2726,186
2727,150
2728,153
2729,151
2730,158
2731,153
2732,182
2733,185
2734,168
2735,163
2736,165
2737,168
2738,184
2739,176
2740,154
2741,181
2742,181
2743,168
2744,185
2745,169
2746,185
2747,169
2748,186
2749,181
2750,157
2751,178
2752,170
2753,186
2754,170
2755,163
2756,167
2757,165
2758,184
2759,167
2760,154
2761,180
2762,162
2763,170
2764,174
2765,171
2766,184
2767,179
2768,172
2769,166
2770,174
2771,184
2772,178
2773,156
2774,164
2775,173
2776,186
2777,174
2778,185
2779,161
2780,156
2781,165
2782,170
2783,188
2784,150
2785,159
2786,161
2787,169
2788,154
2789,186
2790,187
2791,153
2792,179
2793,152
2794,161
2795,156
2796,157
2797,169
2798,150
2799,165
2800,184
2801,151
2802,155
2803,183
2804,178
2805,162
2806,160
2807,152
2808,188
2809,155
2810,180
2811,153
2812,172
2813,156
2814,180
2815,176
2816,186
2817,167
2818,159
2819,164
2820,158
2821,165
2822,156
2823,162
2824,182
2825,178
2826,165
2827,157
2828,164
2829,160
2830,151
2831,170
2832,173
2833,182
2834,162
2835,187
2836,168
2837,183
2838,174
2839,159
2840,163
2841,167
2842,164
2843,150
2844,172
2845,180
2846,181
2847,173
2848,151
2849,163
2850,184
2851,158
2852,188
2853,186
2854,150
2855,167
2856,151
2857,154
2858,169
2859,159
2860,171
2861,170
2862,186
2863,180
2864,177
2865,181
2866,173
2867,187
2868,181
2869,175
2870,161
2871,171
2872,174
2873,151
2874,163
2875,157
2876,168
2877,176
2878,154
2879,188
2880,177
2881,181
2882,156
2883,168
2884,176
2885,184
2886,151
2887,181
2888,157
2889,153
2890,157
2891,156
2892,186
2893,180
2894,171
2895,153
2896,184
2897,152
2898,159
2899,159
2900,175
2901,150
2902,183
2903,174
2904,186
2905,163
2906,166
2907,183
2908,168
2909,167
2910,167
2911,168
2912,163
2913,151
2914,170
2915,154
2916,179
2917,173
2918,180
2919,176
2920,175
2921,153
2922,161
2923,153
2924,181
2925,163
2926,180
2927,176
2928,185
2929,158
2930,154
2931,158
2932,186
2933,163
2934,162
2935,184
2936,171
2937,180
2938,179
2939,183
2940,187
2941,151
2942,171
2943,153
2944,187
2945,154
2946,169
2947,150
2948,156
2949,154
2950,151
2951,159
2952,185
2953,186
2954,169
2955,157
2956,154
2957,173
2958,171
2959,162
2960,179
2961,180
2962,164
2963,157
2964,154
2965,172
2966,165
2967,168
2968,188
2969,179
2970,182
2971,170
2972,170
2973,164
2974,159
2975,185
2976,181
2977,157
2978,171
2979,157
2980,185
2981,183
2982,175
2983,170
2984,164
2985,162
2986,158
2987,159
2988,169
2989,176
2990,178
2991,185
2992,154
2993,170
2994,186
2995,184
2996,161
2997,172
2998,159
2999,164
3000,170
3001,164
3002,186
3003,179
3004,173
3005,188
3006,152
3007,168
3008,150
3009,180
3010,164
3011,160
3012,153
3013,154
3014,151
3015,151
3016,162
3017,157
3018,168
3019,158
3020,187
3021,151
3022,155
3023,173
3024,163
3025,172
3026,174
3027,185
3028,183
3029,164
3030,154
3031,156
3032,177
3033,157
3034,160
3035,166
3036,152
3037,165
3038,159
3039,175
3040,169
3041,175
3042,166
3043,174
3044,159
3045,176
3046,173
3047,177
3048,159
3049,151
3050,188
3051,187
3052,187
3053,169
3054,181
3055,185
3056,174
3057,183
3058,181
3059,171
3060,180
3061,176
3062,177
3063,178
3064,172
3065,178
3066,187
3067,168
3068,165
3069,157
3070,188
3071,184
3072,186
3073,162
3074,151
3075,170
3076,186
3077,172
3078,161
3079,187
3080,186
3081,182
3082,162
3083,179
3084,162
3085,164
3086,174
3087,176
3088,188
3089,168
3090,182
3091,188
3092,165
3093,172
3094,167
3095,154
3096,164
3097,175
3098,184
3099,160
3100,167
3101,181
3102,167
3103,171
3104,174
3105,181
3106,153
3107,183
3108,178
3109,159
3110,184
3111,175
3112,176
3113,181
3114,179
3115,158
3116,150
3117,159
3118,169
3119,164
3120,177
3121,158
3122,167
3123,150
3124,180
3125,152
3126,168
3127,180
3128,172
3129,178
3130,187
3131,182
3132,169
3133,186
3134,160
3135,185
3136,184
3137,187
3138,167
3139,188
3140,158
3141,151
3142,182
3143,181
3144,162
3145,165
3146,163
3147,188
3148,180
3149,180
3150,179
3151,159
3152,160
3153,170
3154,185
3155,155
3156,181
3157,162
3158,179
3159,156
3160,183
3161,187
3162,171
3163,152
3164,172
3165,153
3166,156
3167,156
3168,170
3169,151
3170,165
3171,152
3172,159
3173,175
3174,159
3175,153
3176,170
3177,156
3178,185
3179,156
3180,164
3181,159
3182,187
3183,184
3184,157
3185,153
3186,185
3187,186
3188,186
3189,173
3190,155
3191,171
3192,155
3193,174
3194,152
3195,155
3196,170
3197,151
3198,161
3199,176
3200,186
3201,157
3202,158
3203,178
3204,153
3205,157
3206,177
3207,171
3208,173
3209,167
3210,167
3211,178
3212,156
3213,181
3214,162
3215,163
3216,184
3217,174
3218,161
3219,172
3220,163
3221,161
3222,152
3223,181
3224,159
3225,170
3226,183
3227,163
3228,165
3229,151
3230,170
3231,177
3232,153
3233,151
3234,178
3235,152
3236,173
3237,174
3238,161
3239,155
3240,162
3241,187
3242,178
3243,171
3244,169
3245,157
3246,181
3247,158
3248,164
3249,166
3250,174
3251,150
3252,171
3253,163
3254,182
3255,162
3256,153
3257,151
3258,177
3259,172
3260,156
3261,179
3262,176
3263,185
3264,168
3265,184
3266,185
3267,154
3268,181
3269,178
3270,170
3271,168
3272,178
3273,158
3274,157
3275,159
3276,173
3277,161
3278,159
3279,170
3280,175
3281,182
3282,175
3283,173
3284,167
3285,165
3286,155
3287,173
3288,150
3289,165
3290,160
3291,183
3292,188
3293,155
3294,180
3295,168
3296,162
3297,163
3298,184
3299,159
3300,153
3301,161
3302,161
3303,174
3304,170
3305,185
3306,171
3307,160
3308,176
3309,170
3310,188
3311,154
3312,162
3313,172
3314,155
3315,164
3316,181
3317,169
3318,155
3319,151
3320,187
3321,179
3322,177
3323,173
3324,150
3325,156
3326,183
3327,178
3328,179
3329,166
3330,155
3331,167
3332,154
3333,173
3334,158
3335,181
3336,181
3337,157
3338,183
3339,165
3340,151
3341,177
3342,166
3343,187
3344,160
3345,170
3346,171
3347,170
3348,157
3349,168
3350,156
3351,168
3352,167
3353,181
3354,185
3355,169
3356,188
3357,180
3358,168
3359,168
3360,184
3361,186
3362,151
3363,187
3364,180
3365,179
3366,178
3367,178
3368,185
3369,182
3370,185
3371,152
3372,166
3373,171
3374,159
3375,155
3376,150
3377,155
3378,171
3379,180
3380,165
3381,181
3382,159
3383,156
3384,167
3385,163
3386,159
3387,167
3388,184
3389,171
3390,163
3391,179
3392,165
3393,181
3394,161
3395,184
3396,182
3397,166
3398,180
3399,161
3400,173
3401,151
3402,181
3403,172
3404,173
3405,177
3406,181
3407,151
3408,164
3409,159
3410,186
3411,179
3412,160
3413,156
3414,183
3415,157
3416,151
3417,171
3418,156
3419,162
3420,181
3421,156
3422,188
3423,173
3424,166
3425,176
3426,160
3427,153
3428,180
3429,185
3430,161
3431,174
3432,159
3433,153
3434,153
3435,177
3436,163
3437,168
3438,156
3439,157
3440,170
3441,150
3442,154
3443,178
3444,180
3445,176
3446,178
3447,183
3448,170
3449,160
3450,150
3451,169
3452,176
3453,183
3454,153
3455,169
3456,165
3457,152
3458,168
3459,159
3460,152
3461,182
3462,167
3463,161
3464,162
3465,156
3466,184
3467,156
3468,165
3469,154
3470,161
3471,172
3472,161
3473,175
3474,154
3475,179
3476,165
3477,182
3478,178
3479,161
3480,178
3481,175
3482,170
3483,167
3484,151
3485,155
3486,181
3487,158
3488,173
3489,173
